{"schemaVersion":"1.0","appDefinitionTemplate":{"id":"/providers/Microsoft.PowerApps/apps/","type":"Microsoft.PowerApps/apps","tags":{"minimumRequiredApiVersion":"2.2.0"},"properties":{"appVersion":"2019-10-14T04:45:04Z","lifeCycleId":"Published","createdByClientVersion":{"major":3,"minor":19093,"build":16,"revision":0,"majorRevision":0,"minorRevision":0},"minClientVersion":{"major":3,"minor":19093,"build":16,"revision":0,"majorRevision":0,"minorRevision":0},"backgroundColor":"rgba(0, 176, 240, 1)","backgroundImageUri":"/15752402278925238223/N29794525-2b67-41d7-b5bc-127d40087578-logoSmallFile","displayName":"PowerAppsRLS","description":"","commitMessage":"","appUris":{"documentUri":{"value":"/15752402278925238223/Nadf86b96-bb65-4ad8-a43f-f9adbcaaf2c3-document.msapp","readonlyValue":"/15752402278925238223/Nadf86b96-bb65-4ad8-a43f-f9adbcaaf2c3-document.msapp"},"imageUris":[]},"createdTime":"0001-01-01T00:00:00Z","lastModifiedTime":"0001-01-01T00:00:00Z","sharedGroupsCount":0,"sharedUsersCount":0,"icons":{"smallIconUri":"/15752402278925238223/Nbdba4bae-ff8c-4755-b101-2d03080d7d23-small.png","mediumIconUri":"/15752402278925238223/Ne9bfdcc0-d9de-4c3e-839e-3e63254e722f-medium.png","largeIconUri":"/15752402278925238223/Naab42a61-840e-43ce-be31-5a546b2e18ad-large.png","wideIconUri":"/15752402278925238223/Ne5e11f80-7594-43b2-9d4d-bcb130b51d68-wide.png"},"connectionReferences":{"78d692e4-18cc-4358-8a4a-2a0aa36c1630":{"id":"e6854ae9-4fa1-4eaf-84fe-4b6c4487954c","displayName":"Office 365 Users","iconUri":"https://connectoricons-prod.azureedge.net/office365users/icon_1.0.1258.1715.png","dataSources":["Office365Users"],"dependencies":[],"dependents":[],"parameterHints":{},"isOnPremiseConnection":false,"bypassConsent":false,"dataSets":{},"apiTier":"Standard","isCustomApiConnection":false},"a8507132-7f42-42cf-a056-b87f80c1e3c7":{"id":"8d57a59e-c373-4e25-9d1a-87df94b73f94","displayName":"Power BI","iconUri":"https://connectoricons-prod.azureedge.net/powerbi/icon_1.0.1257.1710.png","dataSources":["PowerBI"],"dependencies":[],"dependents":[],"parameterHints":{},"isOnPremiseConnection":false,"bypassConsent":false,"dataSets":{},"apiTier":"Standard","isCustomApiConnection":false}},"authorizationReferences":[{"resourceId":"powerbi"}],"databaseReferences":{},"almMode":"Environment"},"appComponents":[]}}