{"schemaVersion":"1.0","appDefinitionTemplate":{"id":"/providers/Microsoft.PowerApps/apps/","type":"Microsoft.PowerApps/apps","tags":{"minimumRequiredApiVersion":"2.2.0"},"properties":{"appVersion":"2019-06-08T03:45:01Z","lifeCycleId":"Published","createdByClientVersion":{"major":3,"minor":19054,"build":15,"revision":0,"majorRevision":0,"minorRevision":0},"minClientVersion":{"major":3,"minor":19054,"build":15,"revision":0,"majorRevision":0,"minorRevision":0},"backgroundColor":"rgba(1, 60, 96, 1)","backgroundImageUri":"/14509331899672105102/Nf73308ff-2ef7-4f3c-9892-c8b83bb16764-logoSmallFile","displayName":"Leads","description":"Leads App by Hiram","appUris":{"documentUri":{"value":"/14509331899672105102/N6685cdc8-5286-49fa-8aa4-e3bd28c0d0c4-document.msapp","readonlyValue":"/14509331899672105102/N6685cdc8-5286-49fa-8aa4-e3bd28c0d0c4-document.msapp"},"imageUris":[]},"createdTime":"0001-01-01T00:00:00Z","lastModifiedTime":"0001-01-01T00:00:00Z","sharedGroupsCount":0,"sharedUsersCount":0,"icons":{"smallIconUri":"/14509331899672105102/N24d8a3a4-dc94-4f9b-a6fc-9c1e67e1f3a0-small.png","mediumIconUri":"/14509331899672105102/N31043ca9-c133-4e48-80ed-78044da52ef2-medium.png","largeIconUri":"/14509331899672105102/N8952bb20-68c5-4a5f-84b6-661f658596e2-large.png","wideIconUri":"/14509331899672105102/N0cb8c1ce-ac64-47bb-96ec-e84d4b20146c-wide.png"},"connectionReferences":{"c9982c58-2924-4070-bd50-ade0beebcc9e":{"id":"e6854ae9-4fa1-4eaf-84fe-4b6c4487954c","displayName":"Office 365 Users","iconUri":"https://cpgeneralstore.blob.core.windows.net/officialicons/office365users/icon_1.0.1208.1583.png","dataSources":["Office365Users"],"dependencies":[],"dependents":[],"parameterHints":{},"isOnPremiseConnection":false,"bypassConsent":false,"dataSets":{},"apiTier":"Standard","isCustomApiConnection":false},"41534d7d-3626-44ad-8c33-a4f780b3aece":{"id":"e9f1531e-d694-4a00-89eb-d30d19fe4a09","displayName":"Bing Maps","iconUri":"https://connectoricons-prod.azureedge.net/bingmaps/icon_1.0.1126.1385.png","dataSources":["BingMaps"],"dependencies":[],"dependents":[],"parameterHints":{},"isOnPremiseConnection":false,"sharedConnectionId":"c33060be-68f7-4339-8ef4-bd4db748839d","bypassConsent":false,"dataSets":{},"apiTier":"Standard","isCustomApiConnection":false},"68f3da78-8568-46e0-af9b-780408c167a4":{"id":"a31fdfd6-340e-4e0c-8ec9-0299751feda5","displayName":"SQL Server","iconUri":"https://cpgeneralstore.blob.core.windows.net/officialicons/sql/icon_1.0.1206.1577.png","dataSources":[],"dependencies":[],"dependents":["08d8fe0f-0c2b-4e5c-bd20-f46804ec7c32","03fbb8f7-e9e5-485f-bfb2-059348c146e0","5fffa5c3-1eb5-4bf5-a13d-7dfb5c35b3a7","9b20311c-81d3-4fb2-9e9d-24b7cd40ab97"],"parameterHints":{},"gatewayObjectIdHint":"19fb0408-9553-4a92-bbb5-c71326599210","isOnPremiseConnection":true,"sharedConnectionId":"c3e3f87c-b778-48b6-b352-e17880ee0d48","bypassConsent":false,"dataSets":{},"apiTier":"Standard","isCustomApiConnection":false},"08d8fe0f-0c2b-4e5c-bd20-f46804ec7c32":{"id":"88cd85d4-f487-47c3-8898-87232837682c","displayName":"Logic flows","iconUri":"https://resourcestackdeploy.blob.core.windows.net/scripts/13276078.png","dataSources":["CheckLead"],"dependencies":["68f3da78-8568-46e0-af9b-780408c167a4"],"dependents":[],"parameterHints":{"workflowName":{"value":"6010e451-78ce-4280-967f-fc8f9463aae9"},"68f3da78-8568-46e0-af9b-780408c167a4":{"value":"shared_sql"}},"isOnPremiseConnection":false,"bypassConsent":false,"dataSets":{},"apiTier":"Standard","isCustomApiConnection":false},"03fbb8f7-e9e5-485f-bfb2-059348c146e0":{"id":"88cd85d4-f487-47c3-8898-87232837682c","displayName":"Logic flows","iconUri":"https://resourcestackdeploy.blob.core.windows.net/scripts/13276078.png","dataSources":["DeleteLead"],"dependencies":["68f3da78-8568-46e0-af9b-780408c167a4"],"dependents":[],"parameterHints":{"workflowName":{"value":"3a01d43a-7ad3-4329-a252-cde5a4296a33"},"68f3da78-8568-46e0-af9b-780408c167a4":{"value":"shared_sql"}},"isOnPremiseConnection":false,"bypassConsent":false,"dataSets":{},"apiTier":"Standard","isCustomApiConnection":false},"5fffa5c3-1eb5-4bf5-a13d-7dfb5c35b3a7":{"id":"88cd85d4-f487-47c3-8898-87232837682c","displayName":"Logic flows","iconUri":"https://resourcestackdeploy.blob.core.windows.net/scripts/13276078.png","dataSources":["AddLead"],"dependencies":["68f3da78-8568-46e0-af9b-780408c167a4"],"dependents":[],"parameterHints":{"workflowName":{"value":"1c13f292-476d-49fc-ad16-3320bf5e8cce"},"68f3da78-8568-46e0-af9b-780408c167a4":{"value":"shared_sql_1"}},"isOnPremiseConnection":false,"bypassConsent":false,"dataSets":{},"apiTier":"Standard","isCustomApiConnection":false},"9b20311c-81d3-4fb2-9e9d-24b7cd40ab97":{"id":"88cd85d4-f487-47c3-8898-87232837682c","displayName":"Logic flows","iconUri":"https://resourcestackdeploy.blob.core.windows.net/scripts/13276078.png","dataSources":["LinkLead"],"dependencies":["68f3da78-8568-46e0-af9b-780408c167a4"],"dependents":[],"parameterHints":{"workflowName":{"value":"623535ef-f1a9-4abd-b5e1-5faa17d87897"},"68f3da78-8568-46e0-af9b-780408c167a4":{"value":"shared_sql"}},"isOnPremiseConnection":false,"bypassConsent":false,"dataSets":{},"apiTier":"Standard","isCustomApiConnection":false}},"databaseReferences":{},"almMode":"Environment"},"appComponents":[]}}