{"name":"9061d8b0-9aab-4d3e-ae83-a00dfd9793a2","id":"/providers/Microsoft.Flow/flows/9061d8b0-9aab-4d3e-ae83-a00dfd9793a2","type":"Microsoft.Flow/flows","properties":{"apiId":"/providers/Microsoft.PowerApps/apis/shared_logicflows","displayName":"AddForm","definition":{"metadata":{"workflowEntityId":null,"creator":{"id":"1d75c53b-2f24-4c91-b0af-24425770b160","type":"User","tenantId":"800d472c-8288-4f27-8978-f726a7a3d1f0"},"provisioningMethod":"FromDefinition","failureAlertSubscription":true,"clientLastModifiedTime":"2019-10-30T13:25:48.6715542Z"},"$schema":"https://schema.management.azure.com/providers/Microsoft.Logic/schemas/2016-06-01/workflowdefinition.json#","contentVersion":"1.0.0.0","parameters":{"$connections":{"defaultValue":{},"type":"Object"},"$authentication":{"defaultValue":{},"type":"SecureObject"}},"triggers":{"manual":{"type":"Request","kind":"PowerApp","inputs":{"schema":{"type":"object","properties":{"Executestoredprocedure(V2)_BalanceDue":{"type":"string","x-ms-powerflows-param-ispartial":false}},"required":["Executestoredprocedure(V2)_BalanceDue"]}}}},"actions":{"Initialize_variable":{"runAfter":{"Execute_stored_procedure_(V2)":["Succeeded"]},"type":"InitializeVariable","inputs":{"variables":[{"name":"output","type":"String","value":"@{body('Execute_stored_procedure_(V2)')?['ResultSets']}"}]}},"Respond_to_a_PowerApp_or_flow":{"runAfter":{"Initialize_variable":["Succeeded"]},"type":"Response","kind":"PowerApp","inputs":{"statusCode":200,"body":{"result":"@variables('output')"},"schema":{"type":"object","properties":{"result":{"title":"result","x-ms-dynamically-added":true,"type":"string"}}}}},"Execute_stored_procedure_(V2)":{"runAfter":{},"metadata":{"flowSystemMetadata":{"swaggerOperationId":"ExecuteProcedure_V2"}},"type":"ApiConnection","inputs":{"host":{"connection":{"name":"@json(decodeBase64(triggerOutputs().headers['X-MS-APIM-Tokens']))['$connections']['shared_sql']['connectionId']"},"api":{"runtimeUrl":"https://unitedstates-002.azure-apim.net/apim/sql"}},"method":"post","body":{"BalanceDue":"@triggerBody()['Executestoredprocedure(V2)_BalanceDue']"},"path":"/v2/datasets/@{encodeURIComponent(encodeURIComponent('default'))},@{encodeURIComponent(encodeURIComponent('default'))}/procedures/@{encodeURIComponent(encodeURIComponent('[dbo].[AddForm]'))}","authentication":{"type":"Raw","value":"@json(decodeBase64(triggerOutputs().headers['X-MS-APIM-Tokens']))['$ConnectionKey']"}}}}},"connectionReferences":{"shared_sql":{"connectionName":"3609abab91c942cab5895adab66302cb","source":"Invoker","id":"/providers/Microsoft.PowerApps/apis/shared_sql","tier":"NotSpecified"}},"flowFailureAlertSubscribed":false}}