{"name":"9a6b54ed-af20-4140-a57a-d5b9779cd371","id":"/providers/Microsoft.Flow/flows/9a6b54ed-af20-4140-a57a-d5b9779cd371","type":"Microsoft.Flow/flows","properties":{"apiId":"/providers/Microsoft.PowerApps/apis/shared_logicflows","displayName":"Invoice Approval","definition":{"metadata":{"workflowEntityId":null,"creator":{"id":"1d75c53b-2f24-4c91-b0af-24425770b160","type":"User","tenantId":"800d472c-8288-4f27-8978-f726a7a3d1f0"},"provisioningMethod":"FromDefinition","failureAlertSubscription":true,"clientLastModifiedTime":"2019-10-31T04:57:28.4400416Z"},"$schema":"https://schema.management.azure.com/providers/Microsoft.Logic/schemas/2016-06-01/workflowdefinition.json#","contentVersion":"1.0.0.0","parameters":{"$connections":{"defaultValue":{},"type":"Object"},"$authentication":{"defaultValue":{},"type":"SecureObject"}},"triggers":{"When_an_item_is_created_(V2)":{"recurrence":{"interval":1,"frequency":"Minute"},"splitOn":"@triggerBody()?['value']","metadata":{"flowSystemMetadata":{"swaggerOperationId":"GetOnNewItems_V2"}},"type":"ApiConnection","inputs":{"host":{"connection":{"name":"@parameters('$connections')['shared_sql']['connectionId']"},"api":{"runtimeUrl":"https://unitedstates-002.azure-apim.net/apim/sql"}},"method":"get","path":"/v2/datasets/@{encodeURIComponent(encodeURIComponent('default'))},@{encodeURIComponent(encodeURIComponent('default'))}/tables/@{encodeURIComponent(encodeURIComponent('[dbo].[Form]'))}/onnewitems","authentication":"@parameters('$authentication')"}}},"actions":{"Start_and_wait_for_an_approval":{"runAfter":{},"metadata":{"flowSystemMetadata":{"swaggerOperationId":"StartAndWaitForAnApproval"}},"type":"ApiConnectionWebhook","inputs":{"host":{"connection":{"name":"@parameters('$connections')['shared_approvals']['connectionId']"},"api":{"runtimeUrl":"https://unitedstates-002.azure-apim.net/apim/approvals"}},"body":{"notificationUrl":"@{listCallbackUrl()}","title":"Please Approve/Reject FormId @{triggerBody()?['FormId']}","assignedTo":"hiram@fleitasarts.com;","details":"A new invoice has been created.\nBalanceDue: @{triggerBody()?['BalanceDue']}\nInvoice: @{triggerBody()?['Invoice']}\nFrom: @{triggerBody()?['From']}\nBillTo: @{triggerBody()?['BillTo']}\nItem: \n@{triggerBody()?['Item']}","requestor":"hiram@fleitasarts.com;","enableNotifications":true,"enableReassignment":false},"path":"/types/@{encodeURIComponent('Basic')}/subscriptions","authentication":"@parameters('$authentication')"}},"Condition":{"actions":{"Update_row_(V2)":{"runAfter":{},"metadata":{"flowSystemMetadata":{"swaggerOperationId":"PatchItem_V2"}},"type":"ApiConnection","inputs":{"host":{"connection":{"name":"@parameters('$connections')['shared_sql']['connectionId']"},"api":{"runtimeUrl":"https://unitedstates-002.azure-apim.net/apim/sql"}},"method":"patch","body":{"DueDate":"@body('Start_and_wait_for_an_approval')?['completionDate']"},"path":"/v2/datasets/@{encodeURIComponent(encodeURIComponent('default'))},@{encodeURIComponent(encodeURIComponent('default'))}/tables/@{encodeURIComponent(encodeURIComponent('[dbo].[Form]'))}/items/@{encodeURIComponent(encodeURIComponent(triggerBody()?['FormId']))}","authentication":"@parameters('$authentication')"}},"Apply_to_each":{"foreach":"@body('Start_and_wait_for_an_approval')?['responses']","actions":{"Send_an_email":{"runAfter":{},"metadata":{"flowSystemMetadata":{"swaggerOperationId":"SendEmail"}},"type":"ApiConnection","inputs":{"host":{"connection":{"name":"@parameters('$connections')['shared_outlook']['connectionId']"},"api":{"runtimeUrl":"https://unitedstates-002.azure-apim.net/apim/outlook"}},"method":"post","body":{"To":"hiram@fleitasarts.com;","Subject":"Your form was approved!","Body":"Your form id @{body('Update_row_(V2)')?['FormId']} has been approved by @{items('Apply_to_each')?['responder']?['displayName']}.\nComments: @{items('Apply_to_each')?['comments']}\nBalanceDue: @{triggerBody()?['BalanceDue']}\nInvoice: @{triggerBody()?['Invoice']}\nFrom: @{triggerBody()?['From']}\nBillTo: @{triggerBody()?['BillTo']}\nItem:\n@{triggerBody()?['Item']}"},"path":"/Mail","authentication":"@parameters('$authentication')"}}},"runAfter":{"Update_row_(V2)":["Succeeded"]},"type":"Foreach"}},"runAfter":{"Start_and_wait_for_an_approval":["Succeeded"]},"else":{"actions":{"Update_row_(V2)_2":{"runAfter":{},"metadata":{"flowSystemMetadata":{"swaggerOperationId":"PatchItem_V2"}},"type":"ApiConnection","inputs":{"host":{"connection":{"name":"@parameters('$connections')['shared_sql']['connectionId']"},"api":{"runtimeUrl":"https://unitedstates-002.azure-apim.net/apim/sql"}},"method":"patch","body":{"BalanceDue":0,"Total":0},"path":"/v2/datasets/@{encodeURIComponent(encodeURIComponent('default'))},@{encodeURIComponent(encodeURIComponent('default'))}/tables/@{encodeURIComponent(encodeURIComponent('[dbo].[Form]'))}/items/@{encodeURIComponent(encodeURIComponent(triggerBody()?['FormId']))}","authentication":"@parameters('$authentication')"}},"Apply_to_each_2":{"foreach":"@body('Start_and_wait_for_an_approval')?['responses']","actions":{"Send_an_email_2":{"runAfter":{},"metadata":{"flowSystemMetadata":{"swaggerOperationId":"SendEmail"}},"type":"ApiConnection","inputs":{"host":{"connection":{"name":"@parameters('$connections')['shared_outlook']['connectionId']"},"api":{"runtimeUrl":"https://unitedstates-002.azure-apim.net/apim/outlook"}},"method":"post","body":{"To":"hiram@fleitasarts.com;","Subject":"Your form was not approved.","Body":"Your form @{body('Update_row_(V2)_2')?['FormId']} was not approved by @{items('Apply_to_each_2')?['responder']?['displayName']} (email: @{items('Apply_to_each_2')?['responder']?['email']}).\nReason: @{items('Apply_to_each_2')?['comments']}\nBalanceDue: @{body('Update_row_(V2)_2')?['BalanceDue']}\nInvoice: @{body('Update_row_(V2)_2')?['Invoice']}"},"path":"/Mail","authentication":"@parameters('$authentication')"}}},"runAfter":{"Update_row_(V2)_2":["Succeeded"]},"type":"Foreach"}}},"expression":{"contains":["@body('Start_and_wait_for_an_approval')?['responseSummary']","Approve"]},"type":"If"}}},"connectionReferences":{"shared_approvals":{"connectionName":"401955aa85cd4dca85777ea39bf2ed24","source":"Embedded","id":"/providers/Microsoft.PowerApps/apis/shared_approvals","tier":"NotSpecified"},"shared_sql":{"connectionName":"3609abab91c942cab5895adab66302cb","source":"Embedded","id":"/providers/Microsoft.PowerApps/apis/shared_sql","tier":"NotSpecified"},"shared_outlook":{"connectionName":"shared-outlook-ceb63013-9a45-44e6-8c29-b849c994fefb","source":"Embedded","id":"/providers/Microsoft.PowerApps/apis/shared_outlook","tier":"NotSpecified"}},"flowFailureAlertSubscribed":false}}