{"schemaVersion":"1.0","appDefinitionTemplate":{"id":"/providers/Microsoft.PowerApps/apps/","type":"Microsoft.PowerApps/apps","tags":{"minimumRequiredApiVersion":"2.2.0"},"properties":{"appVersion":"2019-10-30T15:09:11Z","lifeCycleId":"Published","createdByClientVersion":{"major":3,"minor":19102,"build":24,"revision":0,"majorRevision":0,"minorRevision":0},"minClientVersion":{"major":3,"minor":19102,"build":24,"revision":0,"majorRevision":0,"minorRevision":0},"backgroundColor":"rgba(1, 60, 96, 1)","backgroundImageUri":"/1108978681420604692/Nd91dc6f3-915d-42ff-bfc8-c761be91e10c-logoSmallFile","displayName":"Leads","description":"Leads App by Hiram","commitMessage":"","appUris":{"documentUri":{"value":"/1108978681420604692/N20bfe203-c98e-4748-885f-e0d5daafeaa9-document.msapp","readonlyValue":"/1108978681420604692/N20bfe203-c98e-4748-885f-e0d5daafeaa9-document.msapp"},"imageUris":[]},"createdTime":"0001-01-01T00:00:00Z","lastModifiedTime":"0001-01-01T00:00:00Z","sharedGroupsCount":0,"sharedUsersCount":0,"icons":{"smallIconUri":"/1108978681420604692/N4a24469f-35af-4935-8ea5-0af4908729bc-small.png","mediumIconUri":"/1108978681420604692/N48157fbe-b7a4-48fe-b301-1641449c2847-medium.png","largeIconUri":"/1108978681420604692/N6fa6eda5-1f37-4af3-adc6-decb2f7c5ea4-large.png","wideIconUri":"/1108978681420604692/N07dca8b6-1119-4219-96e7-57346d5bdcb3-wide.png"},"connectionReferences":{"c9982c58-2924-4070-bd50-ade0beebcc9e":{"id":"f25a6d64-fe6d-4229-9cd4-b822d061f73a","displayName":"Office 365 Users","iconUri":"https://connectoricons-prod.azureedge.net/office365users/icon_1.0.1258.1715.png","dataSources":["Office365Users"],"dependencies":[],"dependents":[],"parameterHints":{},"isOnPremiseConnection":false,"bypassConsent":false,"dataSets":{},"apiTier":"Standard","isCustomApiConnection":false},"41534d7d-3626-44ad-8c33-a4f780b3aece":{"id":"0f106c04-1820-489e-8c84-14c06ecd7ebb","displayName":"Bing Maps","iconUri":"https://connectoricons-prod.azureedge.net/bingmaps/icon_1.0.1257.1710.png","dataSources":["BingMaps"],"dependencies":[],"dependents":[],"parameterHints":{},"isOnPremiseConnection":false,"sharedConnectionId":"8d5cf9f1-282a-4902-9aa3-9ac285972c00","bypassConsent":false,"dataSets":{},"apiTier":"Standard","isCustomApiConnection":false},"68f3da78-8568-46e0-af9b-780408c167a4":{"id":"6f4d1ea6-5e52-4b3f-98b6-7359812f481c","displayName":"SQL Server","iconUri":"https://connectoricons-prod.azureedge.net/sql/icon_1.0.1276.1744.png","dataSources":[],"dependencies":[],"dependents":["08d8fe0f-0c2b-4e5c-bd20-f46804ec7c32","03fbb8f7-e9e5-485f-bfb2-059348c146e0","5fffa5c3-1eb5-4bf5-a13d-7dfb5c35b3a7","9b20311c-81d3-4fb2-9e9d-24b7cd40ab97","e1bc0bec-0155-438d-af08-d71b556858d0"],"parameterHints":{},"gatewayObjectIdHint":"19fb0408-9553-4a92-bbb5-c71326599210","isOnPremiseConnection":true,"sharedConnectionId":"40308836-debb-43ae-acbb-192aab27be92","bypassConsent":false,"dataSets":{},"apiTier":"Premium","isCustomApiConnection":false},"08d8fe0f-0c2b-4e5c-bd20-f46804ec7c32":{"id":"17126e26-0706-451a-9b9c-522b7c624df2","displayName":"Logic flows","iconUri":"https://resourcestackdeploy.blob.core.windows.net/scripts/13276078.png","dataSources":["CheckLead"],"dependencies":["68f3da78-8568-46e0-af9b-780408c167a4"],"dependents":[],"parameterHints":{"workflowName":{"value":"a3bf2d13-2ff7-473e-950b-c42d6eb173a0"},"68f3da78-8568-46e0-af9b-780408c167a4":{"value":"shared_sql"}},"isOnPremiseConnection":false,"bypassConsent":false,"dataSets":{},"apiTier":"Standard","isCustomApiConnection":false},"03fbb8f7-e9e5-485f-bfb2-059348c146e0":{"id":"17126e26-0706-451a-9b9c-522b7c624df2","displayName":"Logic flows","iconUri":"https://resourcestackdeploy.blob.core.windows.net/scripts/13276078.png","dataSources":["DeleteLead"],"dependencies":["68f3da78-8568-46e0-af9b-780408c167a4"],"dependents":[],"parameterHints":{"workflowName":{"value":"722a90c8-9ec7-46d9-ad5a-f6cdd60b9e78"},"68f3da78-8568-46e0-af9b-780408c167a4":{"value":"shared_sql"}},"isOnPremiseConnection":false,"bypassConsent":false,"dataSets":{},"apiTier":"Standard","isCustomApiConnection":false},"5fffa5c3-1eb5-4bf5-a13d-7dfb5c35b3a7":{"id":"17126e26-0706-451a-9b9c-522b7c624df2","displayName":"Logic flows","iconUri":"https://resourcestackdeploy.blob.core.windows.net/scripts/13276078.png","dataSources":["AddLead"],"dependencies":["68f3da78-8568-46e0-af9b-780408c167a4"],"dependents":[],"parameterHints":{"workflowName":{"value":"59b48a04-28ea-4dc9-9c6b-6297148b32d8"},"68f3da78-8568-46e0-af9b-780408c167a4":{"value":"shared_sql_1"}},"isOnPremiseConnection":false,"bypassConsent":false,"dataSets":{},"apiTier":"Standard","isCustomApiConnection":false},"9b20311c-81d3-4fb2-9e9d-24b7cd40ab97":{"id":"17126e26-0706-451a-9b9c-522b7c624df2","displayName":"Logic flows","iconUri":"https://resourcestackdeploy.blob.core.windows.net/scripts/13276078.png","dataSources":["LinkLead"],"dependencies":["68f3da78-8568-46e0-af9b-780408c167a4"],"dependents":[],"parameterHints":{"workflowName":{"value":"9f2e087c-1789-49d4-82e7-cc37ff5ba934"},"68f3da78-8568-46e0-af9b-780408c167a4":{"value":"shared_sql"}},"isOnPremiseConnection":false,"bypassConsent":false,"dataSets":{},"apiTier":"Standard","isCustomApiConnection":false},"e1bc0bec-0155-438d-af08-d71b556858d0":{"id":"17126e26-0706-451a-9b9c-522b7c624df2","displayName":"Logic flows","iconUri":"https://resourcestackdeploy.blob.core.windows.net/scripts/13276078.png","dataSources":["AddForm"],"dependencies":["68f3da78-8568-46e0-af9b-780408c167a4"],"dependents":[],"parameterHints":{"workflowName":{"value":"c9f9eed2-63e1-4b72-92c0-c5af03cc6a26"},"68f3da78-8568-46e0-af9b-780408c167a4":{"value":"shared_sql"}},"isOnPremiseConnection":false,"bypassConsent":false,"dataSets":{},"apiTier":"Standard","isCustomApiConnection":false}},"databaseReferences":{"default.cds":{"databaseDetails":{"referenceType":"Environmental","environmentName":"default.cds"},"dataSources":{"43b0dc67-68af-47ae-9a9c-9e69d396ba3e":{"entitySetName":"msdyn_aimodels","logicalName":"msdyn_aimodel"}}}},"almMode":"Environment","performanceOptimizationEnabled":false},"isAppComponentLibrary":false,"appComponents":[]}}