{"name":"79dbd4ea-4d2a-407e-8813-286ffff0c6a6","id":"/providers/Microsoft.Flow/flows/79dbd4ea-4d2a-407e-8813-286ffff0c6a6","type":"Microsoft.Flow/flows","properties":{"apiId":"/providers/Microsoft.PowerApps/apis/shared_logicflows","displayName":"LinkLead","definition":{"metadata":{"workflowEntityId":null,"creator":{"id":"1d75c53b-2f24-4c91-b0af-24425770b160","type":"User","tenantId":"800d472c-8288-4f27-8978-f726a7a3d1f0"},"provisioningMethod":"FromDefinition","failureAlertSubscription":true,"clientLastModifiedTime":"2019-10-30T20:11:55.6430965Z"},"$schema":"https://schema.management.azure.com/providers/Microsoft.Logic/schemas/2016-06-01/workflowdefinition.json#","contentVersion":"1.0.0.0","parameters":{"$connections":{"defaultValue":{},"type":"Object"},"$authentication":{"defaultValue":{},"type":"SecureObject"}},"triggers":{"manual":{"type":"Request","kind":"PowerApp","inputs":{"schema":{"type":"object","required":["Executestoredprocedure_LeadId","Executestoredprocedure_Email","Executestoredprocedure_Name"],"properties":{"Executestoredprocedure_LeadId":{"type":"integer","x-ms-powerflows-param-ispartial":false},"Executestoredprocedure_Email":{"type":"string","x-ms-powerflows-param-ispartial":false},"Executestoredprocedure_Name":{"type":"string","x-ms-powerflows-param-ispartial":false}}}}}},"actions":{"Execute_stored_procedure":{"runAfter":{},"metadata":{"flowSystemMetadata":{"swaggerOperationId":"ExecuteProcedure"}},"type":"ApiConnection","inputs":{"host":{"connection":{"name":"@json(decodeBase64(triggerOutputs().headers['X-MS-APIM-Tokens']))['$connections']['shared_sql']['connectionId']"},"api":{"runtimeUrl":"https://unitedstates-002.azure-apim.net/apim/sql"}},"method":"post","body":{"LeadId":"@triggerBody()['Executestoredprocedure_LeadId']","Email":"@triggerBody()['Executestoredprocedure_Email']","Name":"@triggerBody()['Executestoredprocedure_Name']"},"path":"/datasets/default/procedures/@{encodeURIComponent(encodeURIComponent('[dbo].[LinkLead]'))}","authentication":{"type":"Raw","value":"@json(decodeBase64(triggerOutputs().headers['X-MS-APIM-Tokens']))['$ConnectionKey']"}}},"Initialize_variable":{"runAfter":{"Execute_stored_procedure":["Succeeded"]},"type":"InitializeVariable","inputs":{"variables":[{"name":"output","type":"String","value":"@{body('Execute_stored_procedure')?['resultsets']}"}]}},"Respond_to_PowerApps":{"runAfter":{"Initialize_variable":["Succeeded"]},"type":"Response","kind":"PowerApp","inputs":{"statusCode":200,"body":{"result":"@variables('output')"},"schema":{"type":"object","properties":{"result":{"title":"result","type":"string","x-ms-dynamically-added":true}}}}}},"outputs":{},"description":"Create one or more actions to happen when a button or link in PowerApps is selected. To use this flow from a PowerApp, select the control you want to trigger the flow and go to the Action tab in the PowerApps ribbon and select Flows."},"connectionReferences":{"shared_sql":{"connectionName":"3609abab91c942cab5895adab66302cb","source":"Invoker","id":"/providers/Microsoft.PowerApps/apis/shared_sql","tier":"NotSpecified"}},"flowFailureAlertSubscribed":false}}